id;action;entity_name;entity_id;level;message;principal;correlation_id;ip_address;user_agent;metadata;created_at
1;actionnaire;grrr gratis tisser;c2b7577c-b4ba-473e-8df6-d70dddb75f1b;TRACE;dès;premièrement que près;serviable pff extra;efficace;rassembler présidence;../fake-data/blob/hipster.txt;2026-04-21T23:10:54
2;oui police coac coac;trop peu sale;15c58af2-b561-4f24-9c13-d62bb927adc9;TRACE;rocher;administration insérer de;meuh;vis-à-vie de chut;afin que lectorat;../fake-data/blob/hipster.txt;2026-04-21T00:22:00
3;dans la mesure où éprouver;reconstituer;ded9c633-ae6e-41ba-b3fc-e065671133ae;DEBUG;sauvage;abattre toc;loin de athlète diététiste;ouch fusiller;chef de cuisine réussir vroum;../fake-data/blob/hipster.txt;2026-04-21T00:08:44
4;tellement croâ sympathique;bzzz;07a26b07-1187-457f-89a7-3f6a1472b235;WARN;camarade vite badaboum;enlever rédaction de façon à;tranquille battre population du Québec;parmi via;pauvre alors que;../fake-data/blob/hipster.txt;2026-04-21T21:00:56
5;membre de l’équipe chef de cuisine;blablabla à bas de en plus de;a88165e4-457a-4e9f-86a2-f5b8b2f19d21;TRACE;également;comme novice;adversaire;du moment que;au dépens de;../fake-data/blob/hipster.txt;2026-04-21T17:12:20
6;manger noyer;bè hirsute grouper;1225429a-5994-46dc-a620-1ef08c0a0ae1;DEBUG;dorénavant expédier;derechef tant certes;du fait que personnel;subito marron;espiègle population du Québec tant;../fake-data/blob/hipster.txt;2026-04-21T22:52:40
7;à côté de;touriste énorme;718b1ea0-9003-4fe2-8030-a9bee08f0cc8;TRACE;tranquille bzzz;horrible;pschitt boire;sans que;tranquille croire aux alentours de;../fake-data/blob/hipster.txt;2026-04-21T09:38:21
8;ha ha;en bas de;a94b587a-f063-40d5-93c5-651938a09022;WARN;confondre;aux environs de touchant;sans;espiègle pleuvoir;mieux tandis que pendant que;../fake-data/blob/hipster.txt;2026-04-21T17:15:17
9;quelque bè;adorable;23501639-611e-4ca8-b071-5f2da188daa6;WARN;psitt magnifique tracer;multiple tant que;à condition que avant-hier assez;biathlète blablabla;durant;../fake-data/blob/hipster.txt;2026-04-21T22:38:41
10;actionnaire taper;débrouiller adversaire puis;3d7bb408-33eb-4ff9-99c9-a2f944aa7941;TRACE;énorme;hors;communauté étudiante perplexe;spécialiste grâce à;inspirer;../fake-data/blob/hipster.txt;2026-04-21T01:50:07
11;au dépens de transformer;coin-coin cuicui;b322c74a-e518-441e-97a6-f9a5c8a11e5a;TRACE;porte-parole avoir même si;hier pendant insulter;paf;pourvu que suffisamment personnel;que gestionnaire;../fake-data/blob/hipster.txt;2026-04-21T08:20:13
12;exploiter comment actionnaire;multiple que;8bd6dd06-e233-4375-a220-c939ba7806ad;DEBUG;accentuer;bien que;falloir;équipe de recherche commis;bon;../fake-data/blob/hipster.txt;2026-04-21T13:24:13
13;garder;de peur que énoncer;dc4e6652-a612-4001-a6b8-fef7d664f6c5;ERROR;à bas de en outre de;parlementaire à l'égard de à l'exception de;électorat;diététiste;par rapport à;../fake-data/blob/hipster.txt;2026-04-21T15:03:17
14;probablement diététiste;personnel secours aussitôt que;d0a9506a-032a-4e7d-a6a2-0f99949612c9;DEBUG;isoler;blablabla prier;quitte à certainement;quant à ouch à seule fin de;ouille debout;../fake-data/blob/hipster.txt;2026-04-20T23:44:02
15;jusqu’à ce que;feindre bien que;cd4cd682-ebd8-4e3b-8d3a-f926458e9add;DEBUG;à l'instar de pendant que corps enseignant;soit deçà;commis de cuisine au-dehors concernant;membre titulaire tsoin-tsoin;lectorat;../fake-data/blob/hipster.txt;2026-04-21T12:56:32
16;spécialiste auparavant turquoise;diplomate;87f95ca9-4d11-42a8-ada1-90d03c78c49d;WARN;alors que;de peur que;boum;étant donné que certes;biathlète rapide vendre;../fake-data/blob/hipster.txt;2026-04-21T18:54:19
17;pas mal chut après;remettre vroum;50f71094-58ed-4a81-a101-c38a062ae2dd;TRACE;de peur que géométrique;contre;par suite de croâ en guise de;nonobstant de sorte que;clientèle finir insuffisamment;../fake-data/blob/hipster.txt;2026-04-21T06:15:16
18;par rapport à par rapport à;plus;70e36464-6e3d-4242-81ca-9cb95858b5d2;INFO;d’autant que fleurir adresser;d'abord actionnaire avant que;extatique délégation;trop peu crac;creuser population du Québec;../fake-data/blob/hipster.txt;2026-04-21T04:50:28
19;membre à vie insipide;tchou tchouu conseil municipal semer;4c66f5e8-f970-4b60-affa-89496059ab1d;WARN;tant que au dépens de broum;doucement;gestionnaire dynamique;réunir;fade assez en;../fake-data/blob/hipster.txt;2026-04-21T16:16:57
20;multiple oh touchant;à travers;dd10a2a0-7602-40bc-9b76-2bfada7acdc1;DEBUG;même si;considérable dring plouf;laver;hésiter bof ha;sans doute pendant insipide;../fake-data/blob/hipster.txt;2026-04-21T09:01:09
21;parfois atchoum à condition que;de la part de;2133e150-dfbb-4154-b696-e2fb45293085;DEBUG;clac excuser;à partir de débile;élaborer;peut-être que;au prix de hors;../fake-data/blob/hipster.txt;2026-04-21T01:26:30
22;malade;cot cot vroum;75065dba-93d1-4a3e-b1e1-753e04bb460c;WARN;revenir ouille aïe;aussitôt assurément en;conseil d’administration au point que pschitt;dès;ah police;../fake-data/blob/hipster.txt;2026-04-21T01:42:10
23;avant que cuicui pauvre;quand afin de;b78f2054-2333-45ec-a906-4da0f927d390;ERROR;longtemps;proche de à condition que décharger;hôte;membre à vie membre de l’équipe;responsable craquer énergique;../fake-data/blob/hipster.txt;2026-04-21T20:58:08
24;orange hirsute;plouf;003f59c3-59af-489e-a9c1-73c44c9e4e03;WARN;débile;souvent;décider;chef jamais;auprès de membre titulaire;../fake-data/blob/hipster.txt;2026-04-21T15:53:58
25;au point que triste;groin groin fade candide;530c884c-31b5-424e-89a2-3c535c5a52cf;ERROR;que;orange;juriste gestionnaire du fait que;collègue;en dedans de dès que représenter;../fake-data/blob/hipster.txt;2026-04-21T10:50:21
26;pschitt corps enseignant à bas de;à la faveur de aïe intrépide;f6344209-c3e1-4437-b45b-47ab8872beca;ERROR;dynamique à peine gens;dehors autrement;miam cyan de la part de;assez;de sorte que consulter pendant;../fake-data/blob/hipster.txt;2026-04-21T13:21:47
27;ah parce que;auprès de;28a32d01-e8b6-402e-b683-a7d788ae0f15;ERROR;lorsque miam;terriblement mairie certes;cyan de façon à;adepte étant donné que;subito quant à;../fake-data/blob/hipster.txt;2026-04-21T07:12:02
28;carrément;visiter;f6712d5a-9ae1-4485-979f-92ef9daeb17c;TRACE;de manière à désagréable à seule fin de;dès que avant que;sitôt que;parvenir;grandement;../fake-data/blob/hipster.txt;2026-04-21T21:50:35
29;déborder diplomate;par;0f01fda4-7057-4ee3-ab3c-f538d381b518;DEBUG;blablabla lorsque;loufoque drelin;étrangler;altruiste;vlan partenaire sans que;../fake-data/blob/hipster.txt;2026-04-21T01:24:44
30;direction au-dedans de aïe;afin de;43b36082-692a-43a7-ab0e-c9b8bd745c0e;WARN;à raison de;après que;diablement jeune souffrir;monter fourbe quitte à;nager séculaire;../fake-data/blob/hipster.txt;2026-04-21T18:45:12
