id;correlation_id;method;path;status_code;duration_ms;principal;ip_address;error_code;error_message;created_at
1;blissfully defrag;PUT;pace weekly persecute;113;32417;towards;deform;slipper speedily boo;restfully;2026-05-06T16:54:35
2;phooey poor refute;DELETE;unless;595;23616;freely often;forswear;indeed waver;a;2026-05-06T00:44:53
3;duster uh-huh;HEAD;nun tune-up put;569;24004;boiling towards;stunning roger;rotten overdub verbally;seafood hunger vaguely;2026-05-06T03:40:02
4;instead puff mmm;PATCH;over before;121;4576;eek wicked;even;bathhouse;alongside key;2026-05-06T07:53:49
5;times;HEAD;vol;122;809;pleasant by;silently gulp beard;flashy;spiffy;2026-05-05T21:04:42
6;thoroughly finally godparent;PATCH;oof in ligate;509;17628;provided;shrill lest claw;doubter;decisive pish same;2026-05-05T22:04:31
7;oof flat;HEAD;if;524;23581;lest;hyena including sinful;generally unfit badly;never nougat;2026-05-06T03:02:49
8;so;PUT;partially;207;811;ironclad;singing smoke yuck;wherever;anenst function;2026-05-05T20:23:52
9;hmph;OPTIONS;tarragon whoa;469;21171;tragic;nearly indeed;chops;nor outnumber masticate;2026-05-05T22:50:14
10;cloudy weatherize;PATCH;however;306;20405;excitedly hyena defrag;enormously ah;gazebo;physically square youthfully;2026-05-06T12:51:04
11;or abnegate rapidly;PATCH;profitable;234;10695;tut;if;godfather sturdy versus;bitterly consequently oof;2026-05-05T19:59:27
12;below shy;GET;vastly a if;183;8994;mmm;pro;indolent observe settler;infatuated;2026-05-05T19:49:34
13;phew evil;GET;optimistically happily mobilise;177;28833;spiteful;unless implode;scramble ample;zany enlightened;2026-05-06T14:19:12
14;seemingly;DELETE;apricot;401;23376;grizzled hmph roger;austere drat;aggressive cool;as webbed likewise;2026-05-05T22:09:13
15;awkwardly;OPTIONS;nor likewise;524;23059;flawless aggravating;aware;alliance;excluding;2026-05-06T02:39:16
16;crystallize joshingly;DELETE;even;234;32079;among costume;violent steak fooey;reporter;kiddingly quit aching;2026-05-06T06:59:00
17;hm outrageous;PUT;phooey;324;6615;yippee forceful phooey;coast;order;vice cleverly immense;2026-05-06T10:51:01
18;unruly steeple unbalance;HEAD;than below;300;28785;harvest husband usually;consign;er;ugh mainstream substantial;2026-05-06T02:04:06
19;whenever yuck phooey;HEAD;although bah warlike;364;20689;hubris carelessly more;crest lest jungle;drat dime;guidance;2026-05-06T00:02:55
20;custody small medium;PATCH;finally geez;200;8215;unless those;meanwhile;fooey;solemnly;2026-05-06T06:01:06
21;fraternise aboard;HEAD;zowie excepting;377;22158;er including beside;worth lazily vivaciously;memorable mentor substitution;unto limply;2026-05-05T19:58:13
22;mild glimmer;GET;solemnly;347;1540;lovingly;dial over when;biodegradable once;onto;2026-05-06T08:19:09
23;to toward defiantly;HEAD;speedy the;278;23193;noteworthy not;whirlwind;manipulate fork;drat aside;2026-05-05T20:56:17
24;impressionable;PUT;kissingly;114;10466;revitalise quickly glisten;supportive from;up reporter orchestrate;pace lest ouch;2026-05-06T01:21:08
25;opposite inside;OPTIONS;searchingly;489;9158;attribute zowie;before;um unethically;trivial tabulate excluding;2026-05-06T07:57:15
26;awkwardly;HEAD;pliers;400;10680;save cycle;outrageous;after deflate;lined;2026-05-06T03:14:02
27;lest beside midst;PUT;both harvest pike;505;31421;ah;oxidize confound unique;kiddingly break;indolent pop;2026-05-05T23:59:01
28;reel hm;PUT;brightly easily;133;24972;over;meanwhile;until however reproachfully;tight;2026-05-06T19:17:40
29;impact what;POST;scarcely mount enrich;106;3522;silently over before;extent;ack;puny ugh;2026-05-06T19:07:49
30;round;DELETE;bell rough;447;28829;longboat bathhouse supposing;debit ha;duh phooey hoarse;despite apud different;2026-05-06T11:38:32
